[
    {
        "AENAM": "",
        "MATTP": "",
        "OMTNR": "111172970A",
        "AEDAT": "",
        "DEVNO": "201911117043",
        "bpfIndex": 0,
        "OMPOS": "000001",
        "MEINS": "EA",
        "VOLUM": "",
        "OMTNRX": "설화수 자음생 수 125ml(19_펌프)",
        "OMTTP": "B",
        "AEZET": "00:00:00",
        "CMTNRX": "",
        "POSNR": "000001",
        "OMTTPX": "신규",
        "LVORM": "",
        "CMTNR": "",
        "ORSPE": 1,
        "CMT_FLG": ""
    },
    {
        "AENAM": "",
        "MATTP": "",
        "OMTNR": "111171388A",
        "AEDAT": "",
        "DEVNO": "201911117043",
        "bpfIndex": 1,
        "OMPOS": "000002",
        "MEINS": "EA",
        "VOLUM": "",
        "OMTNRX": "설화수 자음생 유액 125ml(18new)",
        "OMTTP": "A",
        "AEZET": "00:00:00",
        "CMTNRX": "",
        "POSNR": "000001",
        "OMTTPX": "기존",
        "LVORM": "",
        "CMTNR": "",
        "ORSPE": 1,
        "CMT_FLG": ""
    },
    {
        "AENAM": "",
        "MATTP": "",
        "OMTNR": "111247032A",
        "AEDAT": "",
        "DEVNO": "201911117043",
        "bpfIndex": 2,
        "OMPOS": "000003",
        "MEINS": "EA",
        "VOLUM": "",
        "OMTNRX": "설화수 자음생수 (견 15ml(18new)",
        "OMTTP": "A",
        "AEZET": "00:00:00",
        "CMTNRX": "",
        "POSNR": "000001",
        "OMTTPX": "기존",
        "LVORM": "",
        "CMTNR": "",
        "ORSPE": 1,
        "CMT_FLG": ""
    },
    {
        "AENAM": "",
        "MATTP": "",
        "OMTNR": "111247033A",
        "AEDAT": "",
        "DEVNO": "201911117043",
        "bpfIndex": 3,
        "OMPOS": "000004",
        "MEINS": "EA",
        "VOLUM": "",
        "OMTNRX": "설화수 자음생유액 (견 15ml(18new",
        "OMTTP": "A",
        "AEZET": "00:00:00",
        "CMTNRX": "",
        "POSNR": "000001",
        "OMTTPX": "기존",
        "LVORM": "",
        "CMTNR": "",
        "ORSPE": 1,
        "CMT_FLG": ""
    },
    {
        "AENAM": "",
        "MATTP": "",
        "OMTNR": "111247460A",
        "AEDAT": "",
        "DEVNO": "201911117043",
        "bpfIndex": 4,
        "OMPOS": "000005",
        "MEINS": "EA",
        "VOLUM": "",
        "OMTNRX": "설화수 자음생에센스(견 5ml (18), 투명사양)",
        "OMTTP": "A",
        "AEZET": "00:00:00",
        "CMTNRX": "",
        "POSNR": "000001",
        "OMTTPX": "기존",
        "LVORM": "",
        "CMTNR": "",
        "ORSPE": 1,
        "CMT_FLG": ""
    },
    {
        "AENAM": "",
        "MATTP": "",
        "OMTNR": "111179163A",
        "AEDAT": "",
        "DEVNO": "201911117043",
        "bpfIndex": 5,
        "OMPOS": "000006",
        "MEINS": "EA",
        "VOLUM": "",
        "OMTNRX": "설화수 자음생크림AD (견5ml(오,16AD)",
        "OMTTP": "A",
        "AEZET": "00:00:00",
        "CMTNRX": "",
        "POSNR": "000001",
        "OMTTPX": "기존",
        "LVORM": "",
        "CMTNR": "",
        "ORSPE": 1,
        "CMT_FLG": ""
    },
    {
        "AENAM": "",
        "MATTP": "",
        "OMTNR": "111179581A",
        "AEDAT": "",
        "DEVNO": "201911117043",
        "bpfIndex": 6,
        "OMPOS": "000007",
        "MEINS": "EA",
        "VOLUM": "",
        "OMTNRX": "설화수 자음생아이크림 AD(견 3ml(17AD",
        "OMTTP": "A",
        "AEZET": "00:00:00",
        "CMTNRX": "",
        "POSNR": "000001",
        "OMTTPX": "기존",
        "LVORM": "",
        "CMTNR": "",
        "ORSPE": 1,
        "CMT_FLG": ""
    },
    {
        "AENAM": "",
        "MATTP": "",
        "OMTNR": "111172970A",
        "AEDAT": "",
        "DEVNO": "201911117043",
        "bpfIndex": 7,
        "OMPOS": "000001",
        "MEINS": "EA",
        "VOLUM": "",
        "OMTNRX": "설화수 자음생 수 125ml(19_펌프)",
        "OMTTP": "A",
        "AEZET": "00:00:00",
        "CMTNRX": "",
        "POSNR": "000003",
        "OMTTPX": "기존",
        "LVORM": "",
        "CMTNR": "",
        "ORSPE": 1,
        "CMT_FLG": ""
    },
    {
        "AENAM": "",
        "MATTP": "",
        "OMTNR": "111171388A",
        "AEDAT": "",
        "DEVNO": "201911117043",
        "bpfIndex": 8,
        "OMPOS": "000002",
        "MEINS": "EA",
        "VOLUM": "",
        "OMTNRX": "설화수 자음생 유액 125ml(18new)",
        "OMTTP": "A",
        "AEZET": "00:00:00",
        "CMTNRX": "",
        "POSNR": "000003",
        "OMTTPX": "기존",
        "LVORM": "",
        "CMTNR": "",
        "ORSPE": 1,
        "CMT_FLG": ""
    },
    {
        "AENAM": "",
        "MATTP": "",
        "OMTNR": "111172059A",
        "AEDAT": "",
        "DEVNO": "201911117043",
        "bpfIndex": 9,
        "OMPOS": "000003",
        "MEINS": "EA",
        "VOLUM": "",
        "OMTNRX": "설화수 자음생크림 오리지널 30ml(17년)",
        "OMTTP": "A",
        "AEZET": "00:00:00",
        "CMTNRX": "",
        "POSNR": "000003",
        "OMTTPX": "기존",
        "LVORM": "",
        "CMTNR": "",
        "ORSPE": 1,
        "CMT_FLG": ""
    },
    {
        "AENAM": "",
        "MATTP": "",
        "OMTNR": "111178867A",
        "AEDAT": "",
        "DEVNO": "201911117043",
        "bpfIndex": 10,
        "OMPOS": "000004",
        "MEINS": "EA",
        "VOLUM": "",
        "OMTNRX": "설화수 윤조에센스AD(15)(견 8ML",
        "OMTTP": "A",
        "AEZET": "00:00:00",
        "CMTNRX": "",
        "POSNR": "000003",
        "OMTTPX": "기존",
        "LVORM": "",
        "CMTNR": "",
        "ORSPE": 1,
        "CMT_FLG": ""
    },
    {
        "AENAM": "",
        "MATTP": "",
        "OMTNR": "111247210A",
        "AEDAT": "",
        "DEVNO": "201911117043",
        "bpfIndex": 11,
        "OMPOS": "000005",
        "MEINS": "EA",
        "VOLUM": "",
        "OMTNRX": "설화수 자음생에센스 견본 8ml (18.9, VIP, 고사양)",
        "OMTTP": "A",
        "AEZET": "00:00:00",
        "CMTNRX": "",
        "POSNR": "000003",
        "OMTTPX": "기존",
        "LVORM": "",
        "CMTNR": "",
        "ORSPE": 1,
        "CMT_FLG": ""
    },
    {
        "AENAM": "",
        "MATTP": "",
        "OMTNR": "111179163A",
        "AEDAT": "",
        "DEVNO": "201911117043",
        "bpfIndex": 12,
        "OMPOS": "000006",
        "MEINS": "EA",
        "VOLUM": "",
        "OMTNRX": "설화수 자음생크림AD (견5ml(오,16AD)",
        "OMTTP": "A",
        "AEZET": "00:00:00",
        "CMTNRX": "",
        "POSNR": "000003",
        "OMTTPX": "기존",
        "LVORM": "",
        "CMTNR": "",
        "ORSPE": 1,
        "CMT_FLG": ""
    },
    {
        "AENAM": "",
        "MATTP": "",
        "OMTNR": "111172970A",
        "AEDAT": "",
        "DEVNO": "201911117043",
        "bpfIndex": 13,
        "OMPOS": "000001",
        "MEINS": "EA",
        "VOLUM": "",
        "OMTNRX": "설화수 자음생 수 125ml(19_펌프)",
        "OMTTP": "A",
        "AEZET": "00:00:00",
        "CMTNRX": "",
        "POSNR": "000004",
        "OMTTPX": "기존",
        "LVORM": "",
        "CMTNR": "",
        "ORSPE": 1,
        "CMT_FLG": ""
    },
    {
        "AENAM": "",
        "MATTP": "",
        "OMTNR": "111171388A",
        "AEDAT": "",
        "DEVNO": "201911117043",
        "bpfIndex": 14,
        "OMPOS": "000002",
        "MEINS": "EA",
        "VOLUM": "",
        "OMTNRX": "설화수 자음생 유액 125ml(18new)",
        "OMTTP": "A",
        "AEZET": "00:00:00",
        "CMTNRX": "",
        "POSNR": "000004",
        "OMTTPX": "기존",
        "LVORM": "",
        "CMTNR": "",
        "ORSPE": 1,
        "CMT_FLG": ""
    },
    {
        "AENAM": "",
        "MATTP": "",
        "OMTNR": "111172059A",
        "AEDAT": "",
        "DEVNO": "201911117043",
        "bpfIndex": 15,
        "OMPOS": "000003",
        "MEINS": "EA",
        "VOLUM": "",
        "OMTNRX": "설화수 자음생크림 오리지널 30ml(17년)",
        "OMTTP": "A",
        "AEZET": "00:00:00",
        "CMTNRX": "",
        "POSNR": "000004",
        "OMTTPX": "기존",
        "LVORM": "",
        "CMTNR": "",
        "ORSPE": 1,
        "CMT_FLG": ""
    },
    {
        "AENAM": "",
        "MATTP": "",
        "OMTNR": "111178867A",
        "AEDAT": "",
        "DEVNO": "201911117043",
        "bpfIndex": 16,
        "OMPOS": "000004",
        "MEINS": "EA",
        "VOLUM": "",
        "OMTNRX": "설화수 윤조에센스AD(15)(견 8ML",
        "OMTTP": "A",
        "AEZET": "00:00:00",
        "CMTNRX": "",
        "POSNR": "000004",
        "OMTTPX": "기존",
        "LVORM": "",
        "CMTNR": "",
        "ORSPE": 1,
        "CMT_FLG": ""
    },
    {
        "AENAM": "",
        "MATTP": "",
        "OMTNR": "111247210A",
        "AEDAT": "",
        "DEVNO": "201911117043",
        "bpfIndex": 17,
        "OMPOS": "000005",
        "MEINS": "EA",
        "VOLUM": "",
        "OMTNRX": "설화수 자음생에센스 견본 8ml (18.9, VIP, 고사양)",
        "OMTTP": "A",
        "AEZET": "00:00:00",
        "CMTNRX": "",
        "POSNR": "000004",
        "OMTTPX": "기존",
        "LVORM": "",
        "CMTNR": "",
        "ORSPE": 1,
        "CMT_FLG": ""
    },
    {
        "AENAM": "",
        "MATTP": "",
        "OMTNR": "111179581A",
        "AEDAT": "",
        "DEVNO": "201911117043",
        "bpfIndex": 18,
        "OMPOS": "000006",
        "MEINS": "EA",
        "VOLUM": "",
        "OMTNRX": "설화수 자음생아이크림 AD(견 3ml(17AD",
        "OMTTP": "A",
        "AEZET": "00:00:00",
        "CMTNRX": "",
        "POSNR": "000004",
        "OMTTPX": "기존",
        "LVORM": "",
        "CMTNR": "",
        "ORSPE": 1,
        "CMT_FLG": ""
    }
]