[
    {
        "INLTIME": "171",
        "ZZADNEW": "SPT",
        "RNETPRX": "170000",
        "NPJT8X": "",
        "MTBC": "X",
        "DISPO": "",
        "PRJCT2X": "",
        "ZMAKTX": "설화수 자음생2",
        "TSAMT": 0,
        "REGRP": "",
        "EXPPROD": "",
        "PRJCT1X": "",
        "MTDAT": "",
        "SUSMAT": "",
        "CIPTXT": "",
        "ZZCIPHERTYPE": "",
        "DERIVAT": "P",
        "OBJ1": "",
        "OBJ2": "",
        "DERIVATX": "",
        "YQTYPR": 0,
        "NPJT7X": "",
        "ZZRLINE": "",
        "PRJCT3X": "",
        "OUTLTIME": "98",
        "RSALE": "",
        "SEG": "",
        "EAN11": "",
        "PRDHA_INF": "",
        "ZMODULENR": "0",
        "NEWRECPX": "",
        "DEGREE": "0",
        "MATTPX": "세트",
        "WERKS_1100": "",
        "BSALE": "",
        "WERKSX": "[P]Beauty Campus-스킨케어",
        "WERKS": "1110",
        "NEWMATX": "",
        "PRJCT4X": "",
        "THISPR": 0,
        "AEZET": "13:26:40",
        "NPJT1": "PA",
        "BISMT": "111172808",
        "LVORM": "",
        "NPJT3": "AP",
        "MTART": "FER1",
        "NPJT4": "P4APA04",
        "SALREQ": "",
        "NPJT5": "P501",
        "NPJT6": "[\"P601\"]",
        "NPJT7": "P7L07",
        "NPJT8": "P811",
        "MATNR": "111173026",
        "CHINAUV": "",
        "AEDAT": "2019.05.08",
        "ZZBRANG": "11117",
        "OSALE": "",
        "SRSALE": "",
        "ZZRPPRD": "111172208",
        "ZZBRAND": "",
        "MEINS": "EA",
        "VOLUM": "",
        "PERMIT": "",
        "ZOTCYN": "",
        "SAMECHECK": "",
        "DSALE": "",
        "PREMAKTX": "",
        "PRJCT2": "",
        "PRJCT1": "",
        "PRJCT4": "",
        "PRJCT3": "",
        "POSNR": "000001",
        "RNETPR": 1700,
        "PRDCDT": "2019.08.15",
        "MSALE": "",
        "NPJT1X": "",
        "ZZCSMTP_NM": "",
        "ZZRPPRD_NM": "설화수 자음생2종세트",
        "BISMT_YYMM": "000000",
        "ZMODULE": "",
        "NPJT4X": "",
        "EXPMAT": "",
        "ENOVATX": "",
        "TCOST": "",
        "MAKTX": "설화수 자음생 2종(19 추석)",
        "RSPEA": 15000,
        "SSALE": "",
        "BISMT_INF": "",
        "DEVNO": "201911117043",
        "ENOVAT": "O",
        "PRDHA2": "세트상품",
        "IN_TCOST": "",
        "PRDHA1": "Beauty",
        "ZZCIPHERYN": "N",
        "YQTY": 15000,
        "NEWRECP": "X",
        "NPJT3X": "",
        "ADNEWX": "",
        "CMTNR": "",
        "THISY": 0,
        "SUNDAEYN": "",
        "PRDHA4": "세트상품",
        "PRDHA3": "세트상품",
        "NTGEW": "",
        "MATKD": "A",
        "TAIHAIR": "",
        "MATNRTIME": "171",
        "BOXYN": "",
        "ADNEW": "A",
        "NPJT6X": "",
        "CORAT": 0,
        "NEWMAT": "X",
        "NPJT6LT": "0",
        "WAERS": "KRW",
        "CMT_FLG": "",
        "AENAM": "AP495775",
        "TQTY": 0,
        "MATTP": "S",
        "bpfIndex": 0,
        "YYMM": "201906",
        "TSDAMT": 0,
        "ZZRPFUT_NM": "",
        "NPJT5X": "",
        "ZZMVGR1": "",
        "MATKDX": "본품",
        "OTC": ""
    },
    {
        "INLTIME": "171",
        "ZZADNEW": "NEW",
        "RNETPRX": "80000",
        "NPJT8X": "",
        "MTBC": "X",
        "DISPO": "",
        "PRJCT2X": "",
        "ZMAKTX": "설화수자음생수",
        "TSAMT": 0,
        "REGRP": "",
        "EXPPROD": "",
        "PRJCT1X": "",
        "MTDAT": "",
        "SUSMAT": "",
        "CIPTXT": "",
        "ZZCIPHERTYPE": "",
        "DERIVAT": "P",
        "OBJ1": "",
        "OBJ2": "",
        "DERIVATX": "",
        "YQTYPR": 0,
        "NPJT7X": "",
        "ZZRLINE": "",
        "PRJCT3X": "",
        "OUTLTIME": "98",
        "RSALE": "",
        "SEG": "",
        "EAN11": "",
        "PRDHA_INF": "Skin Care  Toner  爽肤水,柔肤水",
        "ZMODULENR": "0",
        "NEWRECPX": "",
        "DEGREE": "0",
        "MATTPX": "단품",
        "WERKS_1100": "",
        "BSALE": "",
        "WERKSX": "[P]Beauty Campus-스킨케어",
        "WERKS": "1110",
        "NEWMATX": "",
        "PRJCT4X": "",
        "THISPR": 0,
        "AEZET": "13:26:40",
        "NPJT1": "PA",
        "BISMT": "",
        "LVORM": "",
        "NPJT3": "AP",
        "MTART": "HAL1",
        "NPJT4": "P4APA04",
        "SALREQ": "",
        "NPJT5": "P501",
        "NPJT6": "[\"P601\"]",
        "NPJT7": "P7L07",
        "NPJT8": "P811",
        "MATNR": "111172970A",
        "CHINAUV": "",
        "AEDAT": "2019.05.08",
        "ZZBRANG": "11117",
        "OSALE": "",
        "SRSALE": "",
        "ZZRPPRD": "",
        "ZZBRAND": "",
        "MEINS": "EA",
        "VOLUM": "",
        "PERMIT": "",
        "ZOTCYN": "",
        "SAMECHECK": "",
        "DSALE": "",
        "PREMAKTX": "",
        "PRJCT2": "",
        "PRJCT1": "",
        "PRJCT4": "",
        "PRJCT3": "",
        "POSNR": "000002",
        "RNETPR": 800,
        "PRDCDT": "2019.08.15",
        "MSALE": "",
        "NPJT1X": "",
        "ZZCSMTP_NM": "",
        "ZZRPPRD_NM": "",
        "BISMT_YYMM": "000000",
        "ZMODULE": "",
        "NPJT4X": "",
        "EXPMAT": "",
        "ENOVATX": "",
        "TCOST": "총원가:11.0%/4800원",
        "MAKTX": "설화수 자음생 수 125ml(19_펌프)",
        "RSPEA": 30000,
        "SSALE": "",
        "BISMT_INF": "원료비:1.8%/786원,포장재:7.2%/3142원,총원가:11.0%/4800원",
        "DEVNO": "201911117043",
        "ENOVAT": "O",
        "PRDHA2": "",
        "IN_TCOST": "",
        "PRDHA1": "",
        "ZZCIPHERYN": "N",
        "YQTY": 50000,
        "NEWRECP": "X",
        "NPJT3X": "",
        "ADNEWX": "",
        "CMTNR": "3080879",
        "THISY": 0,
        "SUNDAEYN": "",
        "PRDHA4": "",
        "PRDHA3": "",
        "NTGEW": "",
        "MATKD": "A",
        "TAIHAIR": "",
        "MATNRTIME": "171",
        "BOXYN": "",
        "ADNEW": "A",
        "NPJT6X": "",
        "CORAT": 0,
        "NEWMAT": "X",
        "NPJT6LT": "0",
        "WAERS": "KRW",
        "CMT_FLG": "",
        "AENAM": "AP495775",
        "TQTY": 0,
        "MATTP": "E",
        "bpfIndex": 1,
        "YYMM": "201906",
        "TSDAMT": 0,
        "ZZRPFUT_NM": "",
        "NPJT5X": "",
        "ZZMVGR1": "",
        "MATKDX": "본품",
        "OTC": ""
    },
    {
        "INLTIME": "171",
        "ZZADNEW": "SPT",
        "RNETPRX": "250000",
        "NPJT8X": "",
        "MTBC": "X",
        "DISPO": "",
        "PRJCT2X": "",
        "ZMAKTX": "설화수 자음생크림3종",
        "TSAMT": 0,
        "REGRP": "",
        "EXPPROD": "",
        "PRJCT1X": "",
        "MTDAT": "",
        "SUSMAT": "",
        "CIPTXT": "",
        "ZZCIPHERTYPE": "",
        "DERIVAT": "P",
        "OBJ1": "",
        "OBJ2": "",
        "DERIVATX": "",
        "YQTYPR": 0,
        "NPJT7X": "",
        "ZZRLINE": "",
        "PRJCT3X": "",
        "OUTLTIME": "98",
        "RSALE": "",
        "SEG": "",
        "EAN11": "",
        "PRDHA_INF": "",
        "ZMODULENR": "0",
        "NEWRECPX": "",
        "DEGREE": "0",
        "MATTPX": "세트",
        "WERKS_1100": "",
        "BSALE": "",
        "WERKSX": "[P]Beauty Campus-스킨케어",
        "WERKS": "1110",
        "NEWMATX": "",
        "PRJCT4X": "",
        "THISPR": 0,
        "AEZET": "13:26:40",
        "NPJT1": "PA",
        "BISMT": "111172810",
        "LVORM": "",
        "NPJT3": "AP",
        "MTART": "FER1",
        "NPJT4": "P4APA04",
        "SALREQ": "",
        "NPJT5": "P501",
        "NPJT6": "[\"P601\"]",
        "NPJT7": "P7L07",
        "NPJT8": "P811",
        "MATNR": "111173029",
        "CHINAUV": "",
        "AEDAT": "2019.05.08",
        "ZZBRANG": "11117",
        "OSALE": "",
        "SRSALE": "",
        "ZZRPPRD": "111170072",
        "ZZBRAND": "",
        "MEINS": "EA",
        "VOLUM": "",
        "PERMIT": "",
        "ZOTCYN": "",
        "SAMECHECK": "",
        "DSALE": "",
        "PREMAKTX": "",
        "PRJCT2": "",
        "PRJCT1": "",
        "PRJCT4": "",
        "PRJCT3": "",
        "POSNR": "000003",
        "RNETPR": 2500,
        "PRDCDT": "2019.08.15",
        "MSALE": "",
        "NPJT1X": "",
        "ZZCSMTP_NM": "",
        "ZZRPPRD_NM": "설화수 자음생크림",
        "BISMT_YYMM": "000000",
        "ZMODULE": "",
        "NPJT4X": "",
        "EXPMAT": "",
        "ENOVATX": "",
        "TCOST": "",
        "MAKTX": "설화수 자음생3종 PWP 세트(19 추석_국)",
        "RSPEA": 10000,
        "SSALE": "",
        "BISMT_INF": "",
        "DEVNO": "201911117043",
        "ENOVAT": "O",
        "PRDHA2": "세트상품",
        "IN_TCOST": "",
        "PRDHA1": "Beauty",
        "ZZCIPHERYN": "N",
        "YQTY": 10000,
        "NEWRECP": "X",
        "NPJT3X": "",
        "ADNEWX": "",
        "CMTNR": "",
        "THISY": 0,
        "SUNDAEYN": "",
        "PRDHA4": "세트상품",
        "PRDHA3": "세트상품",
        "NTGEW": "",
        "MATKD": "A",
        "TAIHAIR": "",
        "MATNRTIME": "171",
        "BOXYN": "",
        "ADNEW": "A",
        "NPJT6X": "",
        "CORAT": 0,
        "NEWMAT": "X",
        "NPJT6LT": "0",
        "WAERS": "KRW",
        "CMT_FLG": "",
        "AENAM": "AP495775",
        "TQTY": 0,
        "MATTP": "S",
        "bpfIndex": 2,
        "YYMM": "201906",
        "TSDAMT": 0,
        "ZZRPFUT_NM": "",
        "NPJT5X": "",
        "ZZMVGR1": "",
        "MATKDX": "본품",
        "OTC": ""
    },
    {
        "INLTIME": "171",
        "ZZADNEW": "AD",
        "RNETPRX": "250000",
        "NPJT8X": "",
        "MTBC": "X",
        "DISPO": "",
        "PRJCT2X": "",
        "ZMAKTX": "설화수 자음생크림3종",
        "TSAMT": 0,
        "REGRP": "",
        "EXPPROD": "",
        "PRJCT1X": "",
        "MTDAT": "",
        "SUSMAT": "",
        "CIPTXT": "",
        "ZZCIPHERTYPE": "",
        "DERIVAT": "P",
        "OBJ1": "",
        "OBJ2": "",
        "DERIVATX": "",
        "YQTYPR": 0,
        "NPJT7X": "",
        "ZZRLINE": "",
        "PRJCT3X": "",
        "OUTLTIME": "98",
        "RSALE": "",
        "SEG": "",
        "EAN11": "",
        "PRDHA_INF": "",
        "ZMODULENR": "0",
        "NEWRECPX": "",
        "DEGREE": "0",
        "MATTPX": "세트",
        "WERKS_1100": "",
        "BSALE": "",
        "WERKSX": "[P]Beauty Campus-스킨케어",
        "WERKS": "1110",
        "NEWMATX": "",
        "PRJCT4X": "",
        "THISPR": 0,
        "AEZET": "13:26:40",
        "NPJT1": "PA",
        "BISMT": "111172816",
        "LVORM": "",
        "NPJT3": "AP",
        "MTART": "FER1",
        "NPJT4": "P4APA04",
        "SALREQ": "",
        "NPJT5": "P501",
        "NPJT6": "[\"P601\"]",
        "NPJT7": "P7L07",
        "NPJT8": "P811",
        "MATNR": "111173030",
        "CHINAUV": "",
        "AEDAT": "2019.05.08",
        "ZZBRANG": "11117",
        "OSALE": "",
        "SRSALE": "",
        "ZZRPPRD": "111170072",
        "ZZBRAND": "",
        "MEINS": "EA",
        "VOLUM": "",
        "PERMIT": "",
        "ZOTCYN": "",
        "SAMECHECK": "",
        "DSALE": "",
        "PREMAKTX": "",
        "PRJCT2": "",
        "PRJCT1": "",
        "PRJCT4": "",
        "PRJCT3": "",
        "POSNR": "000004",
        "RNETPR": 2500,
        "PRDCDT": "2019.08.15",
        "MSALE": "",
        "NPJT1X": "",
        "ZZCSMTP_NM": "",
        "ZZRPPRD_NM": "설화수 자음생크림",
        "BISMT_YYMM": "000000",
        "ZMODULE": "",
        "NPJT4X": "",
        "EXPMAT": "",
        "ENOVATX": "",
        "TCOST": "",
        "MAKTX": "설화수 자음생크림3종 pwp 세트(19.09_면세)",
        "RSPEA": 10000,
        "SSALE": "",
        "BISMT_INF": "",
        "DEVNO": "201911117043",
        "ENOVAT": "O",
        "PRDHA2": "세트상품",
        "IN_TCOST": "",
        "PRDHA1": "Beauty",
        "ZZCIPHERYN": "N",
        "YQTY": 10000,
        "NEWRECP": "X",
        "NPJT3X": "",
        "ADNEWX": "",
        "CMTNR": "",
        "THISY": 0,
        "SUNDAEYN": "",
        "PRDHA4": "세트상품",
        "PRDHA3": "세트상품",
        "NTGEW": "",
        "MATKD": "A",
        "TAIHAIR": "",
        "MATNRTIME": "171",
        "BOXYN": "",
        "ADNEW": "A",
        "NPJT6X": "",
        "CORAT": 0,
        "NEWMAT": "X",
        "NPJT6LT": "0",
        "WAERS": "KRW",
        "CMT_FLG": "",
        "AENAM": "AP495775",
        "TQTY": 0,
        "MATTP": "S",
        "bpfIndex": 3,
        "YYMM": "201906",
        "TSDAMT": 0,
        "ZZRPFUT_NM": "",
        "NPJT5X": "",
        "ZZMVGR1": "",
        "MATKDX": "본품",
        "OTC": ""
    }
]